	Category/Core Measure Section	Variable Name	Core Measure Subsection	Variable Title	Variable Description	Variable Type	Required	Regular Expression pattern (see examples)	Possible Values	Subsection Question Text (if applicable)	Question (if applicable)	Notes
0	Record and linkage	jdc_person_id		JCOIN data commons person identifier	The generated unique identifier specific to the JCOIN Data Commons for a given individual (client or staff).	string	True	[A-Z][0-9]{3}-[0-9]{4}				
1	Record and linkage	visit_number		Visit Number	A number that identifies the visit or timepoint of data collection (baseline=1 and each subsequent follow up is 2 or greater).	integer	True					
2	Record and linkage	visit_type		Visit Type	The visit type/category (either baseline or follow up)	string	True		['Baseline', 'Follow-up']			
3	Substance Use	s1a	s1	Last time drug use	Last time a person used alcohol or other drugs weekly or more often	string	True		['Never', 'More than a year ago', '4 to 12 months ago', '2 to 3 months ago', 'Past month', 'Do not know', 'Not reported']	When was the last time you…	... you used alcohol or other drugs weekly or more often?	Not reported not a part of the core measures but id'ed a few missing values that cant be accounted for by skip logic. In future, may want to make more precise
4	Substance Use	s1b	s1	Last time drug use: getting, using, or recovering	Last time a person spent a lot of time either getting alcohol or other drugs, using alcohol or other drugs, or recovering from the effects of alcohol or other drugs (feeling sick)	string			['Never', 'More than a year ago', '4 to 12 months ago', '2 to 3 months ago', 'Past month', 'Do not know', 'Not reported']	When was the last time you…	... You spent a lot of time either getting alcohol or other drugs, using alcohol or other drugs, or recovering from the effects of alcohol or other drugs (feeling sick)?	Not reported not a part of the core measures but id'ed a few missing values that cant be accounted for by skip logic. In future, may want to make more precise
5	Substance Use	s1c	s1	Last time drug use: social dysfunction	Last time a person kept using alcohol or other drugs even though it was causing social  problems, leading to fights, or getting you into trouble with other people	string			['Never', 'More than a year ago', '4 to 12 months ago', '2 to 3 months ago', 'Past month', 'Do not know', 'Not reported']	When was the last time you…	... You kept using alcohol or other drugs even though it was causing social   problems, leading to fights, or getting you into trouble with other people?	Not reported not a part of the core measures but id'ed a few missing values that cant be accounted for by skip logic. In future, may want to make more precise
6	Substance Use	s1d	s1	Last time drug use: work or life dysfunction	Last time a person's use of alcohol or other drugs caused giving up or reducing involvement in activities at work, school, home or social events	string			['Never', 'More than a year ago', '4 to 12 months ago', '2 to 3 months ago', 'Past month', 'Do not know', 'Not reported']	When was the last time you…	… your use of alcohol or other drugs caused you to give up or reduce your involvement in activities at work, school, home or social events?	Not reported not a part of the core measures but id'ed a few missing values that cant be accounted for by skip logic. In future, may want to make more precise
7	Substance Use	s1e	s1	Last time drug use: withdrawal	Last time a person had withdrawal problems from alcohol or other drugs like shaky hands, throwing up, having trouble sitting still or sleeping, or used any  alcohol or other drugs to stop being sick or avoid withdrawal problems	string			['Never', 'More than a year ago', '4 to 12 months ago', '2 to 3 months ago', 'Past month', 'Do not know', 'Not reported']	When was the last time you…	... You had withdrawal problems from alcohol or other drugs like shaky hands, throwing up, having trouble sitting still or sleeping, or you used any  alcohol or other drugs to stop being sick or avoid withdrawal problems?	Not reported not a part of the core measures but id'ed a few missing values that cant be accounted for by skip logic. In future, may want to make more precise
8	Substance Use	s2a	s2	Last time drug use: any opioids	Last time a person used any kind of heroin, fentanyl, or other opioid	string			['Never', 'More than a year ago', '4 to 12 months ago', '2 to 3 months ago', 'Past month', 'Do not know', 'Not reported']	When was the last time…	... used any kind of heroin, fentanyl or other opioid?(such as codeine, Darvocet, Darvon, Demerol, Dilaudid, Karachi, OxyContin, Oxys, Percocet, Propoxyphene, morphine, opium, Talwin or Tylenol with codeine, Vicodin, Zohydro)?	Not reported not a part of the core measures but id'ed a few missing values that cant be accounted for by skip logic. In future, may want to make more precise
9	Substance Use	s2b	s2	Last time drug use: opioid overdose	Last time a person had an opioid overdose	string			['Never', 'More than a year ago', '4 to 12 months ago', '2 to 3 months ago', 'Past month', 'Do not know', 'Not reported']	When was the last time…	... had an opioid overdose? [used enough of the drug that it produced a life-threatening reaction that required medical attention]	Not reported not a part of the core measures but id'ed a few missing values that cant be accounted for by skip logic. In future, may want to make more precise
10	Substance Use	s2c	s2	Last time drug use: OUD medication-assisted treatment	Last time a person had a medication assisted treatment for opioid use disorder	string			['Never', 'More than a year ago', '4 to 12 months ago', '2 to 3 months ago', 'Past month', 'Do not know', 'Not reported']	When was the last time…	... went to any kind of medication assisted treatment for opioid use disorder?	Not reported not a part of the core measures but id'ed a few missing values that cant be accounted for by skip logic. In future, may want to make more precise
11	Substance Use	s3a	s3	Opioid Overdose Count	Number of times a person overdosed on heroin, fentanyl or other opioids during the past 90 days  (or prior to entering jail or prison/since last assessment).	integer				During the past xx days (since last assessment), how many times did you (CAN CODE 0 IF NEVER ON S2b). . .	During the past 90 days [prior to entering jail or prison/since your last assessment], how many times did you overdose on heroin, fentanyl or other opioids?  [Overdose means that you took enough of the drug that it caused a life-threatening reaction that required medical attention]	Overdose means that you took enough of the drug that it caused a life-threatening reaction that required medical attention
12	Substance Use	s3b	s3	Opioid Overdose Count: Receiving Naloxone	Number of times a person received naloxone (Evzio or Narcan) to reverse your overdose during the past 90 days  (or prior to entering jail or prison/since last assessment).	integer				During the past xx days (since last assessment), how many times did you (CAN CODE 0 IF NEVER ON S2b). . .	During the past 90 days [prior to entering jail or prison/since your last assessment], how many times did you receive naloxone (Evzio or Narcan) to reverse your overdose?	Overdose means that you took enough of the drug that it caused a life-threatening reaction that required medical attention
13	Substance Use	s3c	s3	Person Who Administered Nalaxone for Overdose	People who administered naloxone or narcan	array				During the past xx days (since last assessment), how many times did you (CAN CODE 0 IF NEVER ON S2b). . .	Who administered the naloxone or Narcan? (SELECT ALL THAT APPLY)	TODO: expand fields to each of the possible selections
14	Substance Use	s3d	s3	Drugs 4 hrs Before Overdose	Drugs taken in the 4 hours before overdose	array				During the past xx days (since last assessment), how many times did you (CAN CODE 0 IF NEVER ON S2b). . .	What drugs had you taken in the 4 hours before you overdosed? (SELECT ALL THAT APPLY)	TODO: expand fields to each of the possible selections
15	Substance Use	s3e	s3	Emergency Medical Service Following Overdose	Number of times a person received emergency medical service following an overdose	integer				During the past xx days (since last assessment), how many times did you (CAN CODE 0 IF NEVER ON S2b). . .	How many of these times did you receive emergency medical service following an overdose?	
16	Substance Use	s3f	s3	Emergency Department Visit Count Following Overdose	Number of times a person went to the emergency department following an overdose	integer				During the past xx days (since last assessment), how many times did you (CAN CODE 0 IF NEVER ON S2b). . .	How many of these times did you go to the emergency department following an overdose?	
17	Substance Use	s3g	s3	Hospital Admissions Count Following Overdose	Number of times a person got admitted to the hospital following an overdose	integer				During the past xx days (since last assessment), how many times did you (CAN CODE 0 IF NEVER ON S2b). . .	How many of these times did you get admitted to the hospital following an overdose?	
18	Substance Use	s3h	s3	Substance Use Treatment Referral Count Following Overdose	Number of times a person received a referral to substance use treatment from the police, EMS, ED or hospital staff	integer				During the past xx days (since last assessment), how many times did you (CAN CODE 0 IF NEVER ON S2b). . .	How many of these times did you receive a referral to substance use treatment from the police, EMS, ED or hospital staff?	
19	Substance Use	s4a	s4	Drug Use Count	Number of times a person used any heroin, fentanyl, opioids, alcohol, marijuana or other illicit drugs  during the past 90 days  (or prior to entering jail or prison/since last assessment).	integer				During the past xx days (since last assessment), on how many days did you. . . [Write 0 days if no use]	...on how many days did you use any heroin, fentanyl, opioids, alcohol, marijuana or other illicit drugs?	
20	Substance Use	s4b	s4	Alcohol Use Count	Number of times a person drank any kind of alcohol (beer, gin, rum, scotch, tequila, whiskey, wine or mixed drinks)	integer				During the past xx days (since last assessment), on how many days did you. . . [Write 0 days if no use]	...how many times did you drink any kind of alcohol (beer, gin, rum, scotch, tequila, whiskey, wine or mixed drinks)?	
21	Substance Use	s4c	s4	Alcohol Use Count: Binge Drinking	Number of times a person had 5 or more drinks during the past 90 days  (or prior to entering jail or prison/since last assessment).	integer				During the past xx days (since last assessment), on how many days did you. . . [Write 0 days if no use]	...how many times did you have 5 or more drinks?	
22	Substance Use	s4d	s4	Marijuana use count: medical	Number of times a person used medical marijuana that was obtained from a dispensary with their own recommendation card or prescription during the past 90 days  (or prior to entering jail or prison/since last assessment).	integer				During the past xx days (since last assessment), on how many days did you. . . [Write 0 days if no use]	...how many times did you use medical marijuana that was obtained from a dispensary with your own recommendation card or prescription?	
23	Substance Use	s4e	s4	Marijuana use count: Not own	Number of times a person used other marijuana, including hashish, edibles, tinctures or concentrated drops, blunts or other forms of THC (cannabis, herb, pot, reefer, weed), or medical marijuana that was not their own	integer				During the past xx days (since last assessment), on how many days did you. . . [Write 0 days if no use]	... how many times did you use other marijuana, including hashish, edibles, tinctures or concentrated drops, blunts or other forms of THC (cannabis, herb, pot, reefer, weed), or medical marijuana that was not your own?	
24	Substance Use	s4f	s4	Opioid use count: Heroin	Number of times a person used heroin (alone or mixed with other drugs) during the past 90 days  (or prior to entering jail or prison/since last assessment).	integer				During the past xx days (since last assessment), on how many days did you. . . [Write 0 days if no use]	... how many times did you use heroin (alone or mixed with other drugs)?	
25	Substance Use	s4g	s4	Opioid use count: Fentanyl	Number of times a person used fentanyl (alone or mixed with other drugs)  during the past 90 days  (or prior to entering jail or prison/since last assessment).	integer				During the past xx days (since last assessment), on how many days did you. . . [Write 0 days if no use]	... how many times did you use fentanyl (alone or mixed with other drugs)?	
26	Substance Use	s4h	s4	Opioid use count: Street Methadone	Number of times a person used nonprescription or street methadone  during the past 90 days  (or prior to entering jail or prison/since last assessment).	integer				During the past xx days (since last assessment), on how many days did you. . . [Write 0 days if no use]	... how many times did you use nonprescription or street methadone?	
27	Substance Use	s4j	s4	Opioid use count: Suboxone	Number of times a person used nonprescription or street Suboxone  during the past 90 days  (or prior to entering jail or prison/since last assessment).	integer				During the past xx days (since last assessment), on how many days did you. . . [Write 0 days if no use]	... how many times did you use use nonprescription or street Suboxone?	
28	Substance Use	s4k	s4	Opioid use count: other	Number of times a person used other opioids, opiates, painkillers, or other analgesics (such as codeine, Darvocet, Darvon, Demerol, Dilaudid, Karachi, OxyContin, Oxys, Percocet, Propoxyphene, morphine, opium, Talwin or Tylenol with codeine, Vicodin, Zohydro)  during the past 90 days  (or prior to entering jail or prison/since last assessment).	integer				During the past xx days (since last assessment), on how many days did you. . . [Write 0 days if no use]	... how many times did you use other opioids, opiates, painkillers, or other analgesics (such as codeine, Darvocet, Darvon, Demerol, Dilaudid, Karachi, OxyContin, Oxys, Percocet, Propoxyphene, morphine, opium, Talwin or Tylenol with codeine, Vicodin, Zohydro)?	
29	Substance Use	s4m	s4	Cocaine use count	Number of times a person used crack, smoked rock, freebase, or other forms of cocaine during the past 90 days  (or prior to entering jail or prison/since last assessment).	integer				During the past xx days (since last assessment), on how many days did you. . . [Write 0 days if no use]	... how many times did you use crack, smoked rock, freebase, or other forms of cocaine?	
30	Substance Use	s4n	s4	Speed use count	Number of times a person used any methamphetamines, amphetamines, or other forms of speed during the past 90 days  (or prior to entering jail or prison/since last assessment).	integer				During the past xx days (since last assessment), on how many days did you. . . [Write 0 days if no use]	... how many times did you use any methamphetamines, amphetamines, or other forms of speed?	
31	Substance Use	s4p	s4	Benzodiazapine, anti-anxiety, and tranquilizer use count	Number of times a person used any benzodiazepines, anti-anxiety drugs or tranquilizers (such as Ativan, Equanil, Dalmane, Deprol, Diazepam, Klonopin, Librium, Lortab, Meprobamate, Miltown, Prosom, Serax, Traxene, Valium, Verseed, Xanax) during the past 90 days  (or prior to entering jail or prison/since last assessment).	integer				During the past xx days (since last assessment), on how many days did you. . . [Write 0 days if no use]	... how many times did you use any benzodiazepines, anti-anxiety drugs or tranquilizers (such as Ativan, Equanil, Dalmane, Deprol, Diazepam, Klonopin, Librium, Lortab, Meprobamate, Miltown, Prosom, Serax, Traxene, Valium, Verseed, Xanax)?	
32	Substance Use	s4z	s4	Drug use count: other	Number of days a person use any other drug that has not been mentioned (such as hallucinogens, downers) during the past 90 days  (or prior to entering jail or prison/since last assessment).	integer				During the past xx days (since last assessment), on how many days did you. . . [Write 0 days if no use]	...on how many days did you use any other drug that has not been mentioned (such as hallucinogens, downers)?	
33	Substance Use	s4z_describe	s4	Drug use: description of other drugs	A description of drugs that have not been mentioned (such as hallucinogens, downers) during the past 90 days  (or prior to entering jail or prison/since last assessment).	string				During the past xx days (since last assessment), on how many days did you. . . [Write 0 days if no use]	...on how many days did you use any other drug that has not been mentioned (such as hallucinogens, downers)? (Please describe )	
34	Substance Use	s5	s5	Place of No Opioid Use (Jail, Hospital, etc)	Number of days a person has been in jail, hospital, or other place where they could not use heroin, fentanyl, other opioids, alcohol, marijuana, or other drugs	integer					During the past 90 days (prior to entering jail or prison/ since your last assessment), on how many days have you been in a jail, hospital or other place where you could not use heroin, fentanyl, other opioids, alcohol, marijuana or other drugs? (USE 0 FOR NONE)	
35	Justice Involvement	j1	j1	Activities against law besides drugs	During the past 90 days (since last assessment), on how many days were a person involved in any activities that might get a person into trouble or be against the law besides drug use? [IF 0, GO TO J2]	integer					During the past 90 days (since last assessment), on how many days were you involved in any activities that might get you into trouble or be against the law besides drug use? [IF 0, GO TO J2]	[IF 0, GO TO J2]
36	Justice Involvement	j1a1	j1	Drug possession	Number of times  a person  been in possession of small amounts of drugs? (drug possession)	integer				During the past xx days (since last assessment), how many times have you…(common charge names associated with behavior for reference only)	... been in possession of small amounts of drugs? (drug possession)	(common charge names associated with behavior for reference only)
37	Justice Involvement	j1a2	j1	Drunkenness or other liquor law violations	Number of times  a person  been drunk or high in public? (drunkenness or other liquor law violations)	integer				During the past xx days (since last assessment), how many times have you…(common charge names associated with behavior for reference only)	... been drunk or high in public? (drunkenness or other liquor law violations)	(common charge names associated with behavior for reference only)
38	Justice Involvement	j1a3	j1	Driving under the influence or while intoxicated	Number of times  a person  driven a vehicle while under the influence of alcohol or drugs? (driving under the influence or while intoxicated)	integer				During the past xx days (since last assessment), how many times have you…(common charge names associated with behavior for reference only)	... driven a vehicle while under the influence of alcohol or drugs? (driving under the influence or while intoxicated)	(common charge names associated with behavior for reference only)
39	Justice Involvement	j1a4	j1	Possession, dealing, distribution or sale of drugs	Number of times  a person …sold, distributed or helped to make illegal drugs?  (possession, dealing, distribution or sale of drugs)	integer				During the past xx days (since last assessment), how many times have you…(common charge names associated with behavior for reference only)	...sold, distributed or helped to make illegal drugs?  (possession, dealing, distribution or sale of drugs)	(common charge names associated with behavior for reference only)
40	Justice Involvement	j1a5	j1	Vandalism or property destruction	Number of times  a person  purposely damaged or destroyed property that did not belong to a person? (vandalism or property destruction)	integer				During the past xx days (since last assessment), how many times have you…(common charge names associated with behavior for reference only)	... purposely damaged or destroyed property that did not belong to you? (vandalism or property destruction)	(common charge names associated with behavior for reference only)
41	Justice Involvement	j1a6	j1	Receiving, possessing or selling stolen goods	Number of times  a person  bought, received, possessed or sold any stolen goods? (receiving, possessing or selling stolen goods)	integer				During the past xx days (since last assessment), how many times have you…(common charge names associated with behavior for reference only)	... bought, received, possessed or sold any stolen goods? (receiving, possessing or selling stolen goods)	(common charge names associated with behavior for reference only)
42	Justice Involvement	j1a7	j1	Forgery, fraud or embezzlement	Number of times  a person  passed bad checks, forged or altered a prescription, or took money illegally from an employer?  (forgery, fraud or embezzlement)	integer				During the past xx days (since last assessment), how many times have you…(common charge names associated with behavior for reference only)	... passed bad checks, forged or altered a prescription, or took money illegally from an employer?  (forgery, fraud or embezzlement)	(common charge names associated with behavior for reference only)
43	Justice Involvement	j1a8	j1	Shoplifting	Number of times  a person  taken something from a store without paying for it? (shoplifting)	integer				During the past xx days (since last assessment), how many times have you…(common charge names associated with behavior for reference only)	... taken something from a store without paying for it? (shoplifting)	(common charge names associated with behavior for reference only)
44	Justice Involvement	j1a9	j1	Larceny or theft	Number of times  a person  other than from a store, taken money or property that didn't belong to a person? (larceny or theft)	integer				During the past xx days (since last assessment), how many times have you…(common charge names associated with behavior for reference only)	... other than from a store, taken money or property that didn't belong to you? (larceny or theft)	(common charge names associated with behavior for reference only)
45	Justice Involvement	j1a10	j1	Burglary or breaking and entering	Number of times  a person  broken into a house or building to steal something or just to look around? (burglary or breaking and entering)	integer				During the past xx days (since last assessment), how many times have you…(common charge names associated with behavior for reference only)	... broken into a house or building to steal something or just to look around? (burglary or breaking and entering)	(common charge names associated with behavior for reference only)
46	Justice Involvement	j1a11	j1	Motor vehicle theft	Number of times  a person  taken a car without people in it that didn't belong to a person? (motor vehicle theft)	integer				During the past xx days (since last assessment), how many times have you…(common charge names associated with behavior for reference only)	... taken a car without people in it that didn't belong to you? (motor vehicle theft)	(common charge names associated with behavior for reference only)
47	Justice Involvement	j1a12	j1	Carjacking	Number of times  a person  taken a car from someone who was in it? (carjacking)	integer				During the past xx days (since last assessment), how many times have you…(common charge names associated with behavior for reference only)	... taken a car from someone who was in it? (carjacking)	(common charge names associated with behavior for reference only)
48	Justice Involvement	j1a13	j1	Simple assault or battery	Number of times  a person  hit someone or gotten into a physical fight? (simple assault or battery)	integer				During the past xx days (since last assessment), how many times have you…(common charge names associated with behavior for reference only)	... hit someone or gotten into a physical fight? (simple assault or battery)	(common charge names associated with behavior for reference only)
49	Justice Involvement	j1a14	j1	Robbery	Number of times  a person  used a weapon, force, or strong-arm methods to get money or things from a person? (robbery)	integer				During the past xx days (since last assessment), how many times have you…(common charge names associated with behavior for reference only)	... used a weapon, force, or strong-arm methods to get money or things from a person? (robbery)	(common charge names associated with behavior for reference only)
50	Justice Involvement	j1a15	j1	Aggravated assault or battery	Number of times  a person  hurt someone badly enough they needed bandages or a doctor? (aggravated assault or battery)	integer				During the past xx days (since last assessment), how many times have you…(common charge names associated with behavior for reference only)	... hurt someone badly enough they needed bandages or a doctor? (aggravated assault or battery)	(common charge names associated with behavior for reference only)
51	Justice Involvement	j1a16	j1	Forcible rape	Number of times  a person  made someone have sex with a person by force when they did not want to have sex? (forcible rape)	integer				During the past xx days (since last assessment), how many times have you…(common charge names associated with behavior for reference only)	... made someone have sex with you by force when they did not want to have sex? (forcible rape)	(common charge names associated with behavior for reference only)
52	Justice Involvement	j1a17	j1	Murder, homicide or no-negligent manslaughter	Number of times  a person  been involved in the death or murder of another person, including accidents? (murder, homicide or no-negligent manslaughter)	integer				During the past xx days (since last assessment), how many times have you…(common charge names associated with behavior for reference only)	... been involved in the death or murder of another person, including accidents? (murder, homicide or no-negligent manslaughter)	(common charge names associated with behavior for reference only)
53	Justice Involvement	j1a18	j1	Arson	Number of times  a person  intentionally set a building, car or other property on fire? (arson)	integer				During the past xx days (since last assessment), how many times have you…(common charge names associated with behavior for reference only)	... intentionally set a building, car or other property on fire? (arson)	(common charge names associated with behavior for reference only)
54	Justice Involvement	j1a19	j1	Prostitution, pimping or commercialized sex	Number of times  a person  traded sex for food, drugs or money? (prostitution, pimping or commercialized sex)	integer				During the past xx days (since last assessment), how many times have you…(common charge names associated with behavior for reference only)	... traded sex for food, drugs or money? (prostitution, pimping or commercialized sex)	(common charge names associated with behavior for reference only)
55	Justice Involvement	j1a99	j1	Other unlawful activities	Number of times  a person  done something else that would have gotten a person into trouble with the police if they had known about it? (carrying a weapon, gang involvement, domestic violence, trespass, gambling, distributing the peace, disorderly conduct, paraphernalia, runaway, curfew, truancy,  ) (PLEASE DESCRIBE)	integer				During the past xx days (since last assessment), how many times have you…(common charge names associated with behavior for reference only)	... done something else that would have gotten you into trouble with the police if they had known about it? (carrying a weapon, gang involvement, domestic violence, trespass, gambling, distributing the peace, disorderly conduct, paraphernalia, runaway, curfew, truancy,  ) (PLEASE DESCRIBE)	(common charge names associated with behavior for reference only)
56	Justice Involvement	j2	j2	Overall charged arrests	Number of a times person was arrested and charged	integer					During the past 90 days (since last assessment), how many times were you arrested and charged?	
57	Justice Involvement	j2a	j2	Drug possession arrests	Number of arrests for drug possession (for small amounts)	integer				During the past 90 days (since last assessment)	Number of arrests for drug possession (for small amounts)	
58	Justice Involvement	j2b	j2	Law violations arrests	Number of arrests for drunkenness or other liquor law violations	integer				During the past 90 days (since last assessment)	Number of arrests for drunkenness or other liquor law violations	
59	Justice Involvement	j2c	j2	Driving under the influence/intoxicated arrests	Number of arrests for driving under the influence or while intoxicated	integer				During the past 90 days (since last assessment)	Number of arrests for driving under the influence or while intoxicated	
60	Justice Involvement	j2d	j2	Drug activity arrests	Number of arrests for possession, dealing, distribution or sale of drugs	integer				During the past 90 days (since last assessment)	Number of arrests for possession, dealing, distribution or sale of drugs	
61	Justice Involvement	j2e	j2	Vandalism or property destruction arrests	Number of arrests for vandalism or property destruction	integer				During the past 90 days (since last assessment)	Number of arrests for vandalism or property destruction	
62	Justice Involvement	j2f	j2	Stolen goods arrests	Number of arrests for receiving, possessing or selling stolen goods	integer				During the past 90 days (since last assessment)	Number of arrests for receiving, possessing or selling stolen goods	
63	Justice Involvement	j2g	j2	Forgery, fraud or embezzlement arrests	Number of arrests for forgery, fraud or embezzlement	integer				During the past 90 days (since last assessment)	Number of arrests for forgery, fraud or embezzlement	
64	Justice Involvement	j2h	j2	Shoplifting arrests	Number of arrests for shoplifting	integer				During the past 90 days (since last assessment)	Number of arrests for shoplifting	
65	Justice Involvement	j2i	j2	Theft/larceny arrests	Number of arrests for larceny or theft	integer				During the past 90 days (since last assessment)	Number of arrests for larceny or theft	
66	Justice Involvement	j2j	j2	Burglary or breaking and entering arrests	Number of arrests for burglary or breaking and entering	integer				During the past 90 days (since last assessment)	Number of arrests for burglary or breaking and entering	
67	Justice Involvement	j2k	j2	Vehicle theft arrests	Number of arrests for motor vehicle theft	integer				During the past 90 days (since last assessment)	Number of arrests for motor vehicle theft	
68	Justice Involvement	j2l	j2	Car jacking arrests	Number of arrests for car jacking	integer				During the past 90 days (since last assessment)	Number of arrests for car jacking	
69	Justice Involvement	j2m	j2	Simple assault or battery arrests	Number of arrests for simple assault or battery	integer				During the past 90 days (since last assessment)	Number of arrests for simple assault or battery	
70	Justice Involvement	j2n	j2	Robbery arrests	Number of arrests for robbery	integer				During the past 90 days (since last assessment)	Number of arrests for robbery	
71	Justice Involvement	j2o	j2	Aggravated assault or battery arrests	Number of arrests for aggravated assault or battery	integer				During the past 90 days (since last assessment)	Number of arrests for aggravated assault or battery	
72	Justice Involvement	j2p	j2	Forcible rape arrests	Number of arrests for forcible rape	integer				During the past 90 days (since last assessment)	Number of arrests for forcible rape	
73	Justice Involvement	j2q	j2	Negligent manslaughter arrests	Number of arrests for murder, homicide or non-negligent manslaughter	integer				During the past 90 days (since last assessment)	Number of arrests for murder, homicide or non-negligent manslaughter	
74	Justice Involvement	j2r	j2	Arson arrests	Number of arrests for arson	integer				During the past 90 days (since last assessment)	Number of arrests for arson	
75	Justice Involvement	j2s	j2	Commercialized sex arrests	Number of arrests for prostitution, pimping or commercialized sex	integer				During the past 90 days (since last assessment)	Number of arrests for prostitution, pimping or commercialized sex	
76	Justice Involvement	j2t	j2	Other charges arrests	Number of arrests for other charges (carrying a weapon, gang involvement, domestic violence, trespass, gambling, disturbing the peace, disorderly conduct, paraphernalia, runaway, curfew, truancy)	integer				During the past 90 days (since last assessment)	Number of arrests for other charges (carrying a weapon, gang involvement, domestic violence, trespass, gambling, disturbing the peace, disorderly conduct, paraphernalia, runaway, curfew, truancy)	
77	Justice Involvement	j3a	j3	Electronic monitoring	Number of days person has been on electronic monitoring	integer				During the past xx days (since last assessment), how many days have you been …	...on electronic monitoring?	
78	Justice Involvement	j3b	j3	House arrest	Number of days a person has been on house arrest	integer				During the past xx days (since last assessment), how many days have you been …	...on house arrest?	
79	Justice Involvement	j3c	j3	Jail time	Number of days a person has been in jail	integer				During the past xx days (since last assessment), how many days have you been …	...in jail?	
80	Justice Involvement	j3d	j3	Prison time	Number of days a person has been in prison	integer				During the past xx days (since last assessment), how many days have you been …	...in prison?	
81	Justice Involvement	j3e	j3	Current jail or prison	Person is currently in jail or prison	string			['Yes', 'No', 'Unknown']	During the past xx days (since last assessment), how many days have you been …	Are you currently in jail or prison? (CAN MARK IF OBVIOUS)	MBK: added Unknown to satisfy a small amount of respondents for one hub.
82	Justice Involvement	j3f	j3	Length of jail or prison time	Length of jail or prison time for this episode	integer				During the past xx days (since last assessment), how many days have you been …	How long have you been in jail or prison? (just this episode)	
83	Justice Involvement	j4a	j4	Parole	Number of days a person has been on parole	integer				During the past xx days (since last assessment), how many days have you…	...been on parole?	
84	Justice Involvement	j4b	j4	Probation	Number of days a person has been on probation	integer				During the past xx days (since last assessment), how many days have you…	...been on probation?	
85	Justice Involvement	j4c	j4	Other kind of community supervision	Number of days a person has been on any other kind of community supervision	integer				During the past xx days (since last assessment), how many days have you…	...been on any other kind of community supervision?	
86	Justice Involvement	j4d	j4	Meeting with probation or parole officer	Number of days a person has met with a probation or parole officer	integer				During the past xx days (since last assessment), how many days have you…	...met with your probation or parole officer?	
87	Justice Involvement	j4e	j4	Trouble with probation or parole officer	Number of days a person has been in trouble with a probation or parole officer	integer				During the past xx days (since last assessment), how many days have you…	...been in trouble with your probation or parole officer?	
88	Justice Involvement	j5a	j5	Life time arrests	Number of days a person has been arrested in their lifetime (including juvenile)	integer				During your lifetime…	...how many times in your life have you been arrested including as a juvenile?	
89	Justice Involvement	j5b	j5	First time arrest	Age at time of first arrest	integer				During your lifetime…	...how old were you the first time you were arrested?	
90	Justice Involvement	j5c_years	j5	Lifetime years in detention, jail, or prison time	Number of times a person has spent in detention, jail or prison during a personr lifetime?	integer				During your lifetime…	...how much total time have you spent in detention, jail or prison during your lifetime?	
91	Justice Involvement	j5c_months	j5	Lifetime months in detention, jail, or prison time	Number of times a person has spent in detention, jail or prison during lifetime	integer				During your lifetime…	...how much total time have you spent in detention, jail or prison during your lifetime?	
92	Justice Involvement	j5d	j5	Lifetime guity and sentenced	Number of times a person has been found guilty and sentenced (including adjudications as a a personth or convictions as an adult)	integer				During your lifetime…	...how many times have you been found guilty and sentenced (including adjudications as a youth or convictions as an adult)?	
93	Justice Involvement	j5e	j5	First time adjudication conviction	Age at which a person was first adjudicated and convicted	integer				During your lifetime…	...how old were you the first time you were adjudicated or convicted?	
94	Utilization of Services	u1	u1	Emergency room:  Number of visits	Number of times person had to go to ER	integer				During the past xx days (since last assessment), how many . . . [Write 0 days if you have not had this experience]	...times have you had to go to an emergency room without being admitted to the hospital?	
95	Utilization of Services	u2	u2	Hospital detox program: Number of nights	Number of nights person was in hospital detox for alcohol/drug use	integer				During the past xx days (since last assessment), how many . . . [Write 0 days if you have not had this experience]	...nights were you in a hospital detoxification program for your alcohol and other drug use (across all episodes)?	
96	Utilization of Services	u3	u3	Hospitalization:  Number of nights	Number of nights person was in hospital other than detox	integer				During the past xx days (since last assessment), how many . . . [Write 0 days if you have not had this experience]	...nights were you in a hospital for any other reason than detoxification?	
97	Utilization of Services	u4	u4	Residential detox: Number of nights	Number of nights person was in non-hospital/social/residential detox	integer				During the past xx days (since last assessment), how many . . . [Write 0 days if you have not had this experience]	...nights were you in a non-hospital or social detoxification program from alcohol or other drugs (also called residential detox)?	
98	Utilization of Services	u5a	u5	Residential treatment program for alcohol/drugs: Number of nights	Number of nights person was in residential treatment program for alcohol/drug use	integer				During the past xx days (since last assessment), how many . . . [Write 0 days if you have not had this experience]	...nights were you in a residential treatment program for alcohol or drug use?	
99	Utilization of Services	u5b	u5	Residential treatment program for mental health: Number of nights	Number of nights person was in residential treatment program for mental health	integer				During the past xx days (since last assessment), how many . . . [Write 0 days if you have not had this experience]	...nights were you in a residential treatment program for mental health?	
100	Utilization of Services	u5c	u5	Rehab facility for physical health: Number of nights	Number of nights person was in rehab facility for physical health	integer				During the past xx days (since last assessment), how many . . . [Write 0 days if you have not had this experience]	...nights were you in a residential, nursing home, or other rehabilitation facility for your physical health?	
101	Utilization of Services	u6	u6	Primary care provider:  Number of visits	Number of times person has visited primary care provider	integer				During the past xx days (since last assessment), how many . . . [Write 0 days if you have not had this experience]	...times have you visited a primary care provier (physician, nurse, nurse practitioner, or physician's assistant)?	
102	Utilization of Services	u6a	u6	Primary care visit reason: Alcohol/drug use	Indicates whether or not person visited primary care provider for alcohol/drug use	string			['Yes', 'No']	Why did you visit a primary care provider? (ADD SKIP LOGIC)	Alcohol or other drug use?	
103	Utilization of Services	u6b	u6	Primary care visit reason: Mental health	Indicates whether or not person visited primary care provider for mental health	string			['Yes', 'No']	Why did you visit a primary care provider? (ADD SKIP LOGIC)	Mental health?	
104	Utilization of Services	u6c	u6	Primary care visit reason:  Physical health	Indicates whether or not person visited primary care provider for physical health	string			['Yes', 'No']	Why did you visit a primary care provider? (ADD SKIP LOGIC)	Physical health?	
105	Utilization of Services	u6d	u6	Primary care visit reason:  Some other reason (specify)	Indicates whether or not person visited primary care provider for some other reason	string			['Yes', 'No']	Why did you visit a primary care provider? (ADD SKIP LOGIC)	Some other reason?	
106	Utilization of Services	u6d_specify	u6	Primary care visit reason: Specify other reason	Specifies other reason person visited primary care provider	string				Why did you visit a primary care provider? (ADD SKIP LOGIC)	Specify other reason you visited primary care provider	
107	Utilization of Services	u7	u7	Outpatient treament program for alcohol/substance use: Number of days	Number of days person participated in outpatient alcohol/substance use treatment program	integer				Other than times you already mentioned in <reference to u6>, during the past 3 months (since last assessment), how many…	…days did you participate in any other outpatient treatment program specializing in alcohol or substance use? (OTHER THAN U1-6)	
108	Utilization of Services	u7a	u7	Outpatient treatment program: Number of days physically visiting program	Number of days person physically visited outpatient treatment program	integer					How many of these days did you physically visit the (outpatient treatment) program?	
109	Utilization of Services	u7b	u7	Outpatient treatment program: Number of days participating online	Number of days person participated in outpatient tx program online	integer					How many of these days did you participate (in the outpatient tx program) online (e.g., smart phone, computer, or tablet)?	
110	Utilization of Services	u7c	u7	Outpatient treatment program: Number of days seeing doctor	Number of days person saw a doctor at outpatient tx program	integer					How many of these days did you see a doctor (at the outpatient treatment program)?	
111	Utilization of Services	u7d	u7	Outpatient treatment program: Number of days participating in therapy	Number of days person only participated in therapy at outpatient tx program	integer					How many of these days did you only participate in individual or group therapy?	
112	Utilization of Services	u7e	u7	Outpatient treatment program: Number of days for medication management	Number of days person only received medication management at outpatient tx program	integer					How many of these days were for medication management only?	
113	Utilization of Services	u8	u8	Psychiatrist/psychologist:  Number of total visits	Number of times person has seen a psychiatrist or psychologist:  Total	integer					Other than times you already mentioned above, during the past 3 months (since last assessment), how many times have you seen a psychiatrist (MD) or psychologist (Ph.D., Psy.D)?	
114	Utilization of Services	u8a	u8	Psychiatrist/psychologist: Number of in-person visits	Number of times person has seen a psychiatrist/psychologist:  In person	integer					How many of these times did you physically visit the program (psychiatrist/psychologist)?	
115	Utilization of Services	u8b	u8	Psychiatrist/psychologist: Number of online visits	Number of times person has seen a psychiatrist/psychologist:  Online	integer					How many of these times did you participate online (phone, computer, or tablet; with a psychiatrist/psychologist)?	
116	Utilization of Services	u9	u9	Counselor/social worker: Number of total visits	Number of times person has seen a counselor/social worker:  Total	integer					Other than times you already mentioned above, during the past 3 months (since last assessment), how many times have you seen any other kind or counselor or social worker?	
117	Utilization of Services	u9a	u9	Counselor/social worker: Number of in-person visits	Number of times person has seen a counselor/social worker:  In person	integer				How many of these times did you…	...did you physically visit the program (counselor/social worker)?	
118	Utilization of Services	u9b	u9	Counselor/social worker: Number of online visits	Number of times person has seen a counselor/social worker:  Online	integer					...did you participate online (phone, computer, or tablet; with a counselor/social worker)?	
119	Utilization of Services	u13	u13	Healthcare cost	Amount of money person has spent on healthcare	number					In the past xx days (since last assessment), how much money have you spent on all healthcare (e.g., copayments or prescriptions)?	
120	Utilization of Services	u14	u14	Substance use treatment	Indicates whether or not person has received substance use treatment	string			['Yes', 'No', 'Unknown']		Have you received any substance use treatment in the past xx days (since last assessment)?	
121	Utilization of Services	u14a	u14	Substance use tx provider:  Well-organized	Indicates level of agreement with provider's organization	string			['Strongly agree', ' Somewhat agree', ' Neutral', 'Somewhat disagree', 'Strongly disagree']	Considering the substance use treatment from your most recent substance abuse treatment provider in the past xx days (since last assessment), please indicate how much you agree with each of the following statements	The provider is organized and well-run.	
122	Utilization of Services	u14b	u14	Substance use tx provider:  Satisfaction	Indicates level of satisfaction with provider	string			['Strongly agree', ' Somewhat agree', ' Neutral', 'Somewhat disagree', 'Strongly disagree']	Considering the substance use treatment from your most recent substance abuse treatment provider in the past xx days (since last assessment), please indicate how much you agree with each of the following statements	You are satisfied with this provider.	
123	Utilization of Services	u14c	u14	Substance use tx provider:  Efficient staff	Indicates level of agreement with provider's staff efficiency	string			['Strongly agree', ' Somewhat agree', ' Neutral', 'Somewhat disagree', 'Strongly disagree']	Considering the substance use treatment from your most recent substance abuse treatment provider in the past xx days (since last assessment), please indicate how much you agree with each of the following statements	The staff are efficient at doing their job.	
124	Utilization of Services	u14d	u14	Substance use tx provider:  Personal counseling	Indicates level of agreement with personal counseling provided	string			['Strongly agree', ' Somewhat agree', ' Neutral', 'Somewhat disagree', 'Strongly disagree']	Considering the substance use treatment from your most recent substance abuse treatment provider in the past xx days (since last assessment), please indicate how much you agree with each of the following statements	You can get plenty of personal counseling at this provider.	
125	Utilization of Services	u14e	u14	Substance use tx provider:  Medication assistance for opioid use	Indicates level of agreement with provider's medication assistance	string			['Strongly agree', ' Somewhat agree', ' Neutral', 'Somewhat disagree', 'Strongly disagree']	Considering the substance use treatment from your most recent substance abuse treatment provider in the past xx days (since last assessment), please indicate how much you agree with each of the following statements	You can get plenty of medication assistance for opioid use at this provider.	
126	Treatment Preferences	m1	m1	Not candidate for OUD treatment	Indicates person is not a candidate for OUD treatment	boolean					If respondent is not a candidate for OUD treatment, mark here and skip this set of items:	
127	Treatment Preferences	m2_meds	m2	Preferred type of OUD treatment:  OUD medication	Indicates person prefers OUD medication for treatment	boolean				Which type of opioid use disorder (OUD) treatment would you most prefer to receive if it were available to you now? (CHECK ALL THAT APPLY)	OUD medication (e.g. methadone, buprenorphine/Suboxone, naltrexone/Vivitrol) [Ask M3]	
128	Treatment Preferences	m2_detox	m2	Preferred type of OUD treatment:  Detox	Indicates person prefers detox for treatment	boolean				Which type of opioid use disorder (OUD) treatment would you most prefer to receive if it were available to you now? (CHECK ALL THAT APPLY)	Detox	
129	Treatment Preferences	m2_outpt_counsel	m2	Preferred type of OUD treatment:  Outpatient counseling	Indicates person prefers outpatient counseling for treatment	boolean				Which type of opioid use disorder (OUD) treatment would you most prefer to receive if it were available to you now? (CHECK ALL THAT APPLY)	Outpatient counseling	
130	Treatment Preferences	m2_outpt_intensive	m2	Preferred type of OUD treatment:  Intensive outpatient	Indicates person prefers intensive outpatient for treatment	boolean				Which type of opioid use disorder (OUD) treatment would you most prefer to receive if it were available to you now? (CHECK ALL THAT APPLY)	Intensive outpatient	
131	Treatment Preferences	m2_residential	m2	Preferred type of OUD treatment:  Residential treatment	Indicates person prefers residential treatment for OUD	boolean				Which type of opioid use disorder (OUD) treatment would you most prefer to receive if it were available to you now? (CHECK ALL THAT APPLY)	Residential treatment	
132	Treatment Preferences	m2_other	m2	Preferred type of OUD treatment:  Other treatment	Indicates person prefers other treatment for OUD	boolean				Which type of opioid use disorder (OUD) treatment would you most prefer to receive if it were available to you now? (CHECK ALL THAT APPLY)	Other	
133	Treatment Preferences	m2_other_specify	m2	Preferred type of OUD treatment:  Other treatment specified	Specifies other treatment person prefers for OUD	boolean				Which type of opioid use disorder (OUD) treatment would you most prefer to receive if it were available to you now? (CHECK ALL THAT APPLY)	Other (specify)	
134	Treatment Preferences	m2_none	m2	Preferred type of OUD treatment:  No treatment	Indicates person prefers no treatment for OUD	boolean				Which type of opioid use disorder (OUD) treatment would you most prefer to receive if it were available to you now? (CHECK ALL THAT APPLY)	No treatment	
135	Treatment Preferences	m2_dont_know	m2	Preferred type of OUD treatment:  Don't know or no preference	Indicates person does not know (or does not have) an OUD treatment preference	boolean				Which type of opioid use disorder (OUD) treatment would you most prefer to receive if it were available to you now? (CHECK ALL THAT APPLY)	Don’t know / No preference	
136	Treatment Preferences	m3	m3	Preferred OUD medication	Specifies which OUD medication person prefers	string			"['Methadone', 'Buprenorphine/Suboxone', 'Naltrexone/Vivitrol', ""Don't know/No preference""]"	Which OUD medication treatment type would you most prefer to receive if it were available to you now? (SELECT ONLY ONE) [SKIP LOGIC:  If M3=2, ask M4. If M3=3, ask M5. Otherwise go to next set of questions.]		
137	Treatment Preferences	m4	m4	Type of buprenorphine preferred	Specifies which type of buprenorphine person would prefer	string			"['I would prefer to receive daily buprenorphine-naloxone sublingual tablets or films (Suboxone)', 'I would prefer to receive monthly or weekly buprenorphine injections (e.g., Sublocade, Brixadi)', 'I would prefer to receive the 6-month buprenorphine implant', ""Don't know/No preference""]"			
138	Treatment Preferences	m5	m5	Type of naltrexone preferred	Specifies which type of naltrexone person would prefer	string			"['I would prefer to receive daily naltrexone oral (Revia)', 'I would prefer to receive monthly naltrexone injections (Vivitrol)', ""Don't know/No preference""]"			
139	Demographics	d7a	d7	People in household		integer					How many people, including yourself, are there in your household?	The demographics core measure section was split between data models for demographic subsections collected only at baseline (i.e., d1 - d6) and all time points (d7 - d11; o3
140	Demographics	d7b	d7	People under 18 years old in household		integer					How many of the people in your household are under the age of 18?	The demographics core measure section was split between data models for demographic subsections collected only at baseline (i.e., d1 - d6) and all time points (d7 - d11; o4
141	Demographics	d7c	d7	Total household income		number					During the past <if baseline: 90 days/90 days prior to entering jail; if follow up: xx days (since last assessment/interview/contact/visit)>, what was the total income of everyone in your household together that provided you with support?	The demographics core measure section was split between data models for demographic subsections collected only at baseline (i.e., d1 - d6) and all time points (d7 - d11; o5
142	Demographics	d7d	d7	Total household income from legal sources		string			['Less than $12,500', '$12,500 - $20,000 ', '$20,001 - $30,000 ', '$30,001 - $40,000 ', '$40,001 – $50,000 ', '$50,001 - $100,000 ', 'More than $100,000']		During the past 12 months, which of the following is the category that your total household income from legal sources would be in?	The demographics core measure section was split between data models for demographic subsections collected only at baseline (i.e., d1 - d6) and all time points (d7 - d11; o6
143	Demographics	d7d1	d7	Public assistance for household		boolean					During the past <if baseline: 90 days/90 days prior to entering jail; if follow up: xx days (since last assessment/interview/contact/visit)>, did your household receive any public assistance like unemployment, food stamps / TANF, subsidized housing, or supplemental security income?	If No, then skip to d7e1. The demographics core measure section was split between data models for demographic subsections collected only at baseline (i.e., d1 - d6) and all time points (d7 - d11; o7
144	Demographics	d7d2	d7	Total household money from public assistance		number					During the past xx days (since last assessment), approximately how much money has your household all together received from public assistance sources like unemployment, food stamps (TANF), subsidized housing, supplemental security income?	The demographics core measure section was split between data models for demographic subsections collected only at baseline (i.e., d1 - d6) and all time points (d7 - d11; o8
145	Demographics	d7e1	d7	Other non-employmnet income sources		string					During the past xx days (since last assessment), did your household receive any other non-employment income sources like retirement, pension, alimony, child support, or interest?	If No, [GO TO D7f1] The demographics core measure section was split between data models for demographic subsections collected only at baseline (i.e., d1 - d6) and all time points (d7 - d11; o9
146	Demographics	d7e2	d7	Total household money from other non-employment income sources		number					During the past xx days (since last assessment), approximately how much money has your household all together received from other non-employment sources like retirement, pension, alimony, child support, interest?	The demographics core measure section was split between data models for demographic subsections collected only at baseline (i.e., d1 - d6) and all time points (d7 - d11; o10
147	Demographics	d7f1	d7	Non-employment income with risk of legal or other trouble		string			['Yes', 'No', 'Refused to answer']		During the past xx days (since last assessment), outside of employment described above, did you receive any other income from activities that might get you into trouble or be against the law, like dealing, gambling, or theft?	The demographics core measure section was split between data models for demographic subsections collected only at baseline (i.e., d1 - d6) and all time points (d7 - d11; o11
148	Demographics	d7f2	d7	Total household money with risk of causing  legal or other trouble activities		number					During the past xx days (since last assessment), outside of employment described above, how much money did you earn from activities that might get you into trouble or be against the law, like dealing, gambling, or theft?	The demographics core measure section was split between data models for demographic subsections collected only at baseline (i.e., d1 - d6) and all time points (d7 - d11; o12
149	Demographics	d8	d8	Current school or work situation description		string			['Working full-time, 35 hours or more a week', 'Working part-time, less than 35 hours a week', 'Have a job where you are paid one day at a time (day labor)', 'Have a job, but not at work because of treatment, extended illness, maternity leave, furlough or strike', 'Have a job but not at work because it is seasonal work', 'Unemployed or laid off and looking for work', 'Unemployed or laid off and not looking for work', 'Full-time homemaker (keeping house)', 'In school or training', 'In school or training, but not currently going to classes', 'Retired', 'In jail, prison or detention', 'Too disabled for work', 'In the military', 'Doing volunteer work', 'Some other work situation']		Which one of the following statements best describes your work or school situation currently? (CLARIFY AND CODE) [For D8, include work under the table but not any other illegal work or income]	The demographics core measure section was split between data models for demographic subsections collected only at baseline (i.e., d1 - d6) and all time points (d7 - d11; o13
150	Demographics	d8a	d8	Number of days worked		integer					During the past xx days (since last assessment), on how many days have you worked?	The demographics core measure section was split between data models for demographic subsections collected only at baseline (i.e., d1 - d6) and all time points (d7 - d11; o14
151	Demographics	d8b	d8	Days per week worked		integer					During the past xx days (since last assessment), how many days per week do you typically work?	The demographics core measure section was split between data models for demographic subsections collected only at baseline (i.e., d1 - d6) and all time points (d7 - d11; o15
152	Demographics	d8b1	d8	Hours per week worked		integer					During the past xx days (since last assessment), How many hours per week do you usually work?	The demographics core measure section was split between data models for demographic subsections collected only at baseline (i.e., d1 - d6) and all time points (d7 - d11; o16
153	Demographics	d8c	d8	Hourly rate		number					During the past xx days (since last assessment), approximately how much do you make per hour? [If someone is working multiple jobs, take the average amount per hour across the job]	The demographics core measure section was split between data models for demographic subsections collected only at baseline (i.e., d1 - d6) and all time points (d7 - d11; o17
154	Demographics	d8d_health_insurance	d8	Health insurance from work		string			"['Yes', 'No', ""Don't Know""]"	Do any of the places that you work offer you the following benefits? (MARK ALL THAT APPLY)	Health Insurance	The demographics core measure section was split between data models for demographic subsections collected only at baseline (i.e., d1 - d6) and all time points (d7 - d11; o18
155	Demographics	d8d_paid_time_off	d8	Paid time off from work		string			"['Yes', 'No', ""Don't Know""]"	Do any of the places that you work offer you the following benefits? (MARK ALL THAT APPLY)	Paid time off	The demographics core measure section was split between data models for demographic subsections collected only at baseline (i.e., d1 - d6) and all time points (d7 - d11; o19
156	Demographics	d8d_benefit_plan	d8	Benefit or pension plan from work		string			"['Yes', 'No', ""Don't Know""]"	Do any of the places that you work offer you the following benefits? (MARK ALL THAT APPLY)	Defined benefit plan or pension	The demographics core measure section was split between data models for demographic subsections collected only at baseline (i.e., d1 - d6) and all time points (d7 - d11; o20
157	Demographics	d8d_retirement_plan	d8	Retirement plan from work		string			"['Yes', 'No', ""Don't Know""]"	Do any of the places that you work offer you the following benefits? (MARK ALL THAT APPLY)	An arrangement such as a 401(k) or 403(b) plan, under which your employer contributes money towards your retirement every pay period	The demographics core measure section was split between data models for demographic subsections collected only at baseline (i.e., d1 - d6) and all time points (d7 - d11; o21
158	Demographics	d8e	d8			string					What is your occupation?	
159	Demographics	d9	d9	Currently covered by health insurance		boolean					Are you currently covered by health insurance or some other kind of health care plan?	The demographics core measure section was split between data models for demographic subsections collected only at baseline (i.e., d1 - d6) and all time points (d7 - d11; o22
160	Demographics	d9a_private	d9	Private health insurance plan coverage		boolean				What kind of health insurance or health care coverage do you have?  Include those that pay for only one type of service (such as nursing home care, accidents, or dental care).  Exclude private plans that only provide extra cash while hospitalized.  If you have more than one kind of health insurance, tell me all plans that you have. [MARK ALL THAT APPLY]	Private health insurance	The demographics core measure section was split between data models for demographic subsections collected only at baseline (i.e., d1 - d6) and all time points (d7 - d11; o23
161	Demographics	d9a_medicare	d9	Medicare plan coverage		boolean				What kind of health insurance or health care coverage do you have?  Include those that pay for only one type of service (such as nursing home care, accidents, or dental care).  Exclude private plans that only provide extra cash while hospitalized.  If you have more than one kind of health insurance, tell me all plans that you have. [MARK ALL THAT APPLY]	Medicare	The demographics core measure section was split between data models for demographic subsections collected only at baseline (i.e., d1 - d6) and all time points (d7 - d11; o24
162	Demographics	d9a_medigap	d9	Medigap plan coverage		boolean				What kind of health insurance or health care coverage do you have?  Include those that pay for only one type of service (such as nursing home care, accidents, or dental care).  Exclude private plans that only provide extra cash while hospitalized.  If you have more than one kind of health insurance, tell me all plans that you have. [MARK ALL THAT APPLY]	Medigap	The demographics core measure section was split between data models for demographic subsections collected only at baseline (i.e., d1 - d6) and all time points (d7 - d11; o25
163	Demographics	d9a_medicaid	d9	Medicaid plan coverage		boolean				What kind of health insurance or health care coverage do you have?  Include those that pay for only one type of service (such as nursing home care, accidents, or dental care).  Exclude private plans that only provide extra cash while hospitalized.  If you have more than one kind of health insurance, tell me all plans that you have. [MARK ALL THAT APPLY]	Medicaid ({If Available, Display State Plan Name})	The demographics core measure section was split between data models for demographic subsections collected only at baseline (i.e., d1 - d6) and all time points (d7 - d11; o26
164	Demographics	d9a_schip	d9	Children's Health Insurance coverage		boolean				What kind of health insurance or health care coverage do you have?  Include those that pay for only one type of service (such as nursing home care, accidents, or dental care).  Exclude private plans that only provide extra cash while hospitalized.  If you have more than one kind of health insurance, tell me all plans that you have. [MARK ALL THAT APPLY]	SCHIP (CHIP/Children’s Health Insurance Program)	The demographics core measure section was split between data models for demographic subsections collected only at baseline (i.e., d1 - d6) and all time points (d7 - d11; o27
165	Demographics	d9a_military	d9	Military plan coverage		boolean				What kind of health insurance or health care coverage do you have?  Include those that pay for only one type of service (such as nursing home care, accidents, or dental care).  Exclude private plans that only provide extra cash while hospitalized.  If you have more than one kind of health insurance, tell me all plans that you have. [MARK ALL THAT APPLY]	Military Health Care (Tricare/VA/CHAMP-VA)	The demographics core measure section was split between data models for demographic subsections collected only at baseline (i.e., d1 - d6) and all time points (d7 - d11; o28
166	Demographics	d9a_indian	d9	Indian Health Service coverage		boolean				What kind of health insurance or health care coverage do you have?  Include those that pay for only one type of service (such as nursing home care, accidents, or dental care).  Exclude private plans that only provide extra cash while hospitalized.  If you have more than one kind of health insurance, tell me all plans that you have. [MARK ALL THAT APPLY]	Indian Health Service	The demographics core measure section was split between data models for demographic subsections collected only at baseline (i.e., d1 - d6) and all time points (d7 - d11; o29
167	Demographics	d9a_state	d9	State health coverage		boolean				What kind of health insurance or health care coverage do you have?  Include those that pay for only one type of service (such as nursing home care, accidents, or dental care).  Exclude private plans that only provide extra cash while hospitalized.  If you have more than one kind of health insurance, tell me all plans that you have. [MARK ALL THAT APPLY]	State-Sponsored Health Plan ({If Available, Display State Plan Name})	The demographics core measure section was split between data models for demographic subsections collected only at baseline (i.e., d1 - d6) and all time points (d7 - d11; o30
168	Demographics	d9a_other_government	d9	Other government coverage		boolean				What kind of health insurance or health care coverage do you have?  Include those that pay for only one type of service (such as nursing home care, accidents, or dental care).  Exclude private plans that only provide extra cash while hospitalized.  If you have more than one kind of health insurance, tell me all plans that you have. [MARK ALL THAT APPLY]	Other government program	The demographics core measure section was split between data models for demographic subsections collected only at baseline (i.e., d1 - d6) and all time points (d7 - d11; o31
169	Demographics	d9a_single_service	d9	Single service coverage		boolean				What kind of health insurance or health care coverage do you have?  Include those that pay for only one type of service (such as nursing home care, accidents, or dental care).  Exclude private plans that only provide extra cash while hospitalized.  If you have more than one kind of health insurance, tell me all plans that you have. [MARK ALL THAT APPLY]	Single service plan (e.g., dental, vision, prescriptions)	The demographics core measure section was split between data models for demographic subsections collected only at baseline (i.e., d1 - d6) and all time points (d7 - d11; o32
170	Demographics	d9a_dont_know	d9	Don't know about coverage		boolean				What kind of health insurance or health care coverage do you have?  Include those that pay for only one type of service (such as nursing home care, accidents, or dental care).  Exclude private plans that only provide extra cash while hospitalized.  If you have more than one kind of health insurance, tell me all plans that you have. [MARK ALL THAT APPLY]	Don’t know	The demographics core measure section was split between data models for demographic subsections collected only at baseline (i.e., d1 - d6) and all time points (d7 - d11; o33
171	Demographics	d10	d1	Days uninsured		integer					During the past xx days (since last assessment), on how many days were you uninsured?	The demographics core measure section was split between data models for demographic subsections collected only at baseline (i.e., d1 - d6) and all time points (d7 - d11; o34
172	Demographics	d11a	d11	Number of days at self help group		integer				During the past xx days (since last assessment), on how many days have you . . .  [NOTE: MAX DAYS = 90]	Been to self-help group meetings (such as AA, NA, CA, or SMART Recovery) for your alcohol or other drug use?	The demographics core measure section was split between data models for demographic subsections collected only at baseline (i.e., d1 - d6) and all time points (d7 - d11; o35
173	Demographics	d11b	d11	Number of days at non-alcoholic, structured activities		integer				During the past xx days (since last assessment), on how many days have you . . .  [NOTE: MAX DAYS = 90]	Been in other structured activities where no one was using alcohol or drugs?	The demographics core measure section was split between data models for demographic subsections collected only at baseline (i.e., d1 - d6) and all time points (d7 - d11; o36
174	Demographics	d11c	d11	Number of days being homeless		integer				During the past xx days (since last assessment), on how many days have you . . .  [NOTE: MAX DAYS = 90]	Been homeless or had to stay with someone else to avoid being homeless?	The demographics core measure section was split between data models for demographic subsections collected only at baseline (i.e., d1 - d6) and all time points (d7 - d11; o37
175	Demographics	d11d	d11	Number of days in homeless shelter		integer				During the past xx days (since last assessment), on how many days have you . . .  [NOTE: MAX DAYS = 90]	Lived in a homeless shelter or emergency housing?	The demographics core measure section was split between data models for demographic subsections collected only at baseline (i.e., d1 - d6) and all time points (d7 - d11; o38
176	Demographics	d11e	d11	Number of days in household with alcohol use		integer				During the past xx days (since last assessment), on how many days have you . . .  [NOTE: MAX DAYS = 90]	Lived where other people were using alcohol?	The demographics core measure section was split between data models for demographic subsections collected only at baseline (i.e., d1 - d6) and all time points (d7 - d11; o39
177	Demographics	d11f	d11	Number of days in household with drug use		integer				During the past xx days (since last assessment), on how many days have you . . .  [NOTE: MAX DAYS = 90]	Lived where other people were using drugs?	The demographics core measure section was split between data models for demographic subsections collected only at baseline (i.e., d1 - d6) and all time points (d7 - d11; o40
178	Demographics	d11g	d11	Number of days of formal activities with alcohol		integer				During the past xx days (since last assessment), on how many days have you . . .  [NOTE: MAX DAYS = 90]	Been to formal activities where people were using alcohol or drugs?	The demographics core measure section was split between data models for demographic subsections collected only at baseline (i.e., d1 - d6) and all time points (d7 - d11; o41
179	Demographics	d11h	d11	Number of days of home or family trouble		integer				During the past xx days (since last assessment), on how many days have you . . .  [NOTE: MAX DAYS = 90]	Gotten into trouble at home or with your family for any reason?	The demographics core measure section was split between data models for demographic subsections collected only at baseline (i.e., d1 - d6) and all time points (d7 - d11; o42
180	Demographics	d11i	d11	Number of days of  abusive behavior in arguments		integer				During the past xx days (since last assessment), on how many days have you . . .  [NOTE: MAX DAYS = 90]	Had an argument in which you swore, cursed, threatened another person, threw something, or pushed or hit another person in any way?	The demographics core measure section was split between data models for demographic subsections collected only at baseline (i.e., d1 - d6) and all time points (d7 - d11; o43
181	Demographics	d11j	d11	Number of days being physically, emotionally, sexually abused		integer				During the past xx days (since last assessment), on how many days have you . . .  [NOTE: MAX DAYS = 90]	Been attacked with a weapon, beaten, sexually abused or emotionally abused?	The demographics core measure section was split between data models for demographic subsections collected only at baseline (i.e., d1 - d6) and all time points (d7 - d11; o44
182	Demographics	o3	o3	Received Narcan kit		string			['Yes', 'No', 'n/a not recently incarcerated']	If respondent was in jail/prison during the past 3 months but not currently, ask:	At your most recent release from [jail/prison], did you receive a Naloxone rescue kit (“Narcan kit”) to save yourself or someone else in the event of an opioid overdose? [Overdose definition = use enough of the drug to cause a life-threatening reaction that requires medical attention]	The demographics core measure section was split between data models for demographic subsections collected only at baseline (i.e., d1 - d6) and all time points (d7 - d11; o45
183	Demographics	o3a	o3	Used Narcan Kit		boolean				If respondent was in jail/prison during the past 3 months but not currently, ask:	Have you had to use it?	The demographics core measure section was split between data models for demographic subsections collected only at baseline (i.e., d1 - d6) and all time points (d7 - d11; o46
184	Demographics	o3b	o3	Refilled Narcan Kit		boolean				If respondent was in jail/prison during the past 3 months but not currently, ask:	Have you obtained a refill/replacement kit?	The demographics core measure section was split between data models for demographic subsections collected only at baseline (i.e., d1 - d6) and all time points (d7 - d11; o47
185	PROMIS 29+2/ PROPr	p1a	p1	Difficulty with chores and house keeping		string			['Without any difficulty', ' With a little difficulty', '  With some difficulty', ' With much difficulty', ' Unable to do']	In the past 7 days I was able to . . .	... do chores such as sweeping, mopping, janitorial work or other house cleaning work	
186	PROMIS 29+2/ PROPr	p1b	p1	Difficulty using stairs		string			['Without any difficulty', ' With a little difficulty', '  With some difficulty', ' With much difficulty', ' Unable to do']	In the past 7 days I was able to . . .	...go up and down stairs at a normal pace	
187	PROMIS 29+2/ PROPr	p1c	p1	Difficulty walking		string			['Without any difficulty', ' With a little difficulty', '  With some difficulty', ' With much difficulty', ' Unable to do']	In the past 7 days I was able to . . .	...walk around for at least 15 minutes	
188	PROMIS 29+2/ PROPr	p1d	p1	Difficulty traveling		string			['Without any difficulty', ' With a little difficulty', '  With some difficulty', ' With much difficulty', ' Unable to do']	In the past 7 days I was able to . . .	... get from place to place	
189	PROMIS 29+2/ PROPr	p2a	p2	Trouble with Leisure activities with others		string			['Never', 'Rarely', 'Sometimes', 'Often', 'Always']	In the past 7 days…	...I had trouble doing all of my regular leisure activities with others	
190	PROMIS 29+2/ PROPr	p2b	p2	Trouble with family activities		string			['Never', 'Rarely', 'Sometimes', 'Often', 'Always']	In the past 7 days…	...I had trouble doing all of the family activities that I want to do	
191	PROMIS 29+2/ PROPr	p2c	p2	Trouble with work		string			['Never', 'Rarely', 'Sometimes', 'Often', 'Always']	In the past 7 days…	...I had trouble doing all of my usual work (include work at home)	
192	PROMIS 29+2/ PROPr	p2d	p2	Trouble with activities with friends		string			['Never', 'Rarely', 'Sometimes', 'Often', 'Always']	In the past 7 days…	...I had trouble doing all of the activities with friends that I want to do	
193	PROMIS 29+2/ PROPr	p3a	p3	Feeling fearful		string			['Never', 'Rarely', 'Sometimes', 'Often', 'Always']	In the past 7 days…	...I felt fearful	
194	PROMIS 29+2/ PROPr	p3b	p3	Feeling hard to focus on anything other than anxiety		string			['Never', 'Rarely', 'Sometimes', 'Often', 'Always']	In the past 7 days…	...I found it hard to focus on anything other than my anxiety	
195	PROMIS 29+2/ PROPr	p3c	p3	Feeling overwhelming worry		string			['Never', 'Rarely', 'Sometimes', 'Often', 'Always']	In the past 7 days…	...My worries overwhelmed me	
196	PROMIS 29+2/ PROPr	p3d	p3	Feeling uneasy		string			['Never', 'Rarely', 'Sometimes', 'Often', 'Always']	In the past 7 days…	...I felt uneasy	
197	PROMIS 29+2/ PROPr	p4a	p4	Feeling worthless		string			['Never', 'Rarely', 'Sometimes', 'Often', 'Always']	In the past 7 days…	...I felt worthless	
198	PROMIS 29+2/ PROPr	p4b	p4	Feeling helpless		string			['Never', 'Rarely', 'Sometimes', 'Often', 'Always']	In the past 7 days…	...I felt helpless	
199	PROMIS 29+2/ PROPr	p4c	p4	Feeling depressed		string			['Never', 'Rarely', 'Sometimes', 'Often', 'Always']	In the past 7 days…	...I felt depressed	
200	PROMIS 29+2/ PROPr	p4d	p4	Feeling hopeless		string			['Never', 'Rarely', 'Sometimes', 'Often', 'Always']	In the past 7 days…	...I felt hopeless	
201	PROMIS 29+2/ PROPr	p5a	p5	Feeling fatigued		string			['Not at all', 'A little bit', 'Somewhat', 'Quite a bit', 'Very much']	In the past 7 days…	...I felt fatigued	
202	PROMIS 29+2/ PROPr	p5b	p5	Trouble starting things because tired		string			['Not at all', 'A little bit', 'Somewhat', 'Quite a bit', 'Very much']	In the past 7 days…	...I had trouble starting things because I was tired	
203	PROMIS 29+2/ PROPr	p5c	p5	Feeling run-down		string			['Not at all', 'A little bit', 'Somewhat', 'Quite a bit', 'Very much']	In the past 7 days…	…how run-down did you feel on average?	
204	PROMIS 29+2/ PROPr	p5d	p5	Fatigue level		string			['Not at all', 'A little bit', 'Somewhat', 'Quite a bit', 'Very much']	In the past 7 days…	…how fatigued were you on average?	
205	PROMIS 29+2/ PROPr	p6a	p6	Sleep quality		string			['Very poor', 'Poor', 'Fair', 'Good', 'Very good']	In the past 7 days…	...my sleep quality was	
206	PROMIS 29+2/ PROPr	p6b	p6	Refreshing sleep		string			['Not at all', 'A little bit', 'Somewhat', 'Quite a bit', 'Very much']	In the past 7 days…	...my sleep was refreshing	
207	PROMIS 29+2/ PROPr	p6c	p6	Sleep problems		string			['Not at all', 'A little bit', 'Somewhat', 'Quite a bit', 'Very much']	In the past 7 days…	...I had problems with my sleep	
208	PROMIS 29+2/ PROPr	p6d	p6	Difficulty falling asleep		string			['Not at all', 'A little bit', 'Somewhat', 'Quite a bit', 'Very much']	In the past 7 days…	...I had difficulty falling asleep	
209	PROMIS 29+2/ PROPr	p7a	p7	Concentration		string			['Not at all', 'A little bit', 'Somewhat', 'Quite a bit', 'Very much']	In the past 7 days…	...I have been able to concentrate	
210	PROMIS 29+2/ PROPr	p7b	p7	Remembering things		string			['Not at all', 'A little bit', 'Somewhat', 'Quite a bit', 'Very much']	In the past 7 days…	...I have been able to remember to do things, like take medicine or buy something I needed	
211	PROMIS 29+2/ PROPr	p8a	p8	Pain interference with day to day activity		string			['Not at all', 'A little bit', 'Somewhat', 'Quite a bit', 'Very much']	In the past 7 days…	...How much did pain interfere with your day to day activities?	
212	PROMIS 29+2/ PROPr	p8b	p8	Pain inteference with home work		string			['Not at all', 'A little bit', 'Somewhat', 'Quite a bit', 'Very much']	In the past 7 days…	...How much did pain interfere with work around the home?	
213	PROMIS 29+2/ PROPr	p8c	p8	Pain interference with social activities		string			['Not at all', 'A little bit', 'Somewhat', 'Quite a bit', 'Very much']	In the past 7 days…	...How much did pain interfere with your ability to participate in social activities?	
214	PROMIS 29+2/ PROPr	p8d	p8	Pain interference with household chores		string			['Not at all', 'A little bit', 'Somewhat', 'Quite a bit', 'Very much']	In the past 7 days…	...How much did pain interfere with your household chores?	
215	PROMIS 29+2/ PROPr	p9	p9	Pain intensity rating		integer				For the next question, please responds on scale from 0 being no pain to 10 being the worst pain imaginable.	In the past 7 days, how would you rate your pain on average?	
216	Risk of Harms and Consequences	r1a	r1	Multiple sex partners		string			['Never', 'More than a year ago', '4 to 12 months ago', '2 to 3 months ago', 'Past month', 'Do not know', 'Not reported']	When was the last time you…	…had two or more sex partners during the same time period?	RECOMMENDED:  BEFORE SENSITIVE ITEMS SUCH AS THIS REMIND RESPONDENT ABOUT CONFIDENTIALITY OF INTERVIEW AND SECURITY PROCEDURES TO PROTECT DATA AND THAT THERE ARE NO ADVERSE CONSEQUENCES FOR PARTICIPATION IN SURVEY/INTERVIEW (CONSISTENT WITH HUB CONSENT FORMS)
217	Risk of Harms and Consequences	r1b	r1	Unprotected sex		string			['Never', 'More than a year ago', '4 to 12 months ago', '2 to 3 months ago', 'Past month', 'Do not know', 'Not reported']	When was the last time you…	…had sex without using any kind of condom, dental dam or other barrier to protect you and your partner from diseases or pregnancy?	RECOMMENDED:  BEFORE SENSITIVE ITEMS SUCH AS THIS REMIND RESPONDENT ABOUT CONFIDENTIALITY OF INTERVIEW AND SECURITY PROCEDURES TO PROTECT DATA AND THAT THERE ARE NO ADVERSE CONSEQUENCES FOR PARTICIPATION IN SURVEY/INTERVIEW (CONSISTENT WITH HUB CONSENT FORMS)
218	Risk of Harms and Consequences	r1c	r1	Alcohol and drug intoxication		string			['Never', 'More than a year ago', '4 to 12 months ago', '2 to 3 months ago', 'Past month', 'Do not know', 'Not reported']	When was the last time you…	…had sex while you or your partner was intoxicated from alcohol or other drugs?	RECOMMENDED:  BEFORE SENSITIVE ITEMS SUCH AS THIS REMIND RESPONDENT ABOUT CONFIDENTIALITY OF INTERVIEW AND SECURITY PROCEDURES TO PROTECT DATA AND THAT THERE ARE NO ADVERSE CONSEQUENCES FOR PARTICIPATION IN SURVEY/INTERVIEW (CONSISTENT WITH HUB CONSENT FORMS)
219	Risk of Harms and Consequences	r1d	r1	Drug injection with needle		string			['Never', 'More than a year ago', '4 to 12 months ago', '2 to 3 months ago', 'Past month', 'Do not know', 'Not reported']	When was the last time you…	…used a needle to inject drugs like heroin, cocaine or amphetamines?	RECOMMENDED:  BEFORE SENSITIVE ITEMS SUCH AS THIS REMIND RESPONDENT ABOUT CONFIDENTIALITY OF INTERVIEW AND SECURITY PROCEDURES TO PROTECT DATA AND THAT THERE ARE NO ADVERSE CONSEQUENCES FOR PARTICIPATION IN SURVEY/INTERVIEW (CONSISTENT WITH HUB CONSENT FORMS)
220	Risk of Harms and Consequences	r1g	r1	Attacked with weapon		string			['Never', 'More than a year ago', '4 to 12 months ago', '2 to 3 months ago', 'Past month', 'Do not know', 'Not reported']	When was the last time you…	…were attacked with a weapon, including a gun, knife, stick, bottle or other weapon?	RECOMMENDED:  BEFORE SENSITIVE ITEMS SUCH AS THIS REMIND RESPONDENT ABOUT CONFIDENTIALITY OF INTERVIEW AND SECURITY PROCEDURES TO PROTECT DATA AND THAT THERE ARE NO ADVERSE CONSEQUENCES FOR PARTICIPATION IN SURVEY/INTERVIEW (CONSISTENT WITH HUB CONSENT FORMS)
221	Risk of Harms and Consequences	r1h	r1	Physical abuse		string			['Never', 'More than a year ago', '4 to 12 months ago', '2 to 3 months ago', 'Past month', 'Do not know', 'Not reported']	When was the last time you…	…were physically abused, to the point that you had bruises, cuts or broken bones?	RECOMMENDED:  BEFORE SENSITIVE ITEMS SUCH AS THIS REMIND RESPONDENT ABOUT CONFIDENTIALITY OF INTERVIEW AND SECURITY PROCEDURES TO PROTECT DATA AND THAT THERE ARE NO ADVERSE CONSEQUENCES FOR PARTICIPATION IN SURVEY/INTERVIEW (CONSISTENT WITH HUB CONSENT FORMS)
222	Risk of Harms and Consequences	r1j	r1	Sexually abused		string			['Never', 'More than a year ago', '4 to 12 months ago', '2 to 3 months ago', 'Past month', 'Do not know', 'Not reported']	When was the last time you…	…were sexually abused, where someone pressured or forced you to participate in sexual acts against your will, including your regular sex partner, a family member or friend?	RECOMMENDED:  BEFORE SENSITIVE ITEMS SUCH AS THIS REMIND RESPONDENT ABOUT CONFIDENTIALITY OF INTERVIEW AND SECURITY PROCEDURES TO PROTECT DATA AND THAT THERE ARE NO ADVERSE CONSEQUENCES FOR PARTICIPATION IN SURVEY/INTERVIEW (CONSISTENT WITH HUB CONSENT FORMS)
223	Risk of Harms and Consequences	r1k	r1	Emotionally abused		string			['Never', 'More than a year ago', '4 to 12 months ago', '2 to 3 months ago', 'Past month', 'Do not know', 'Not reported']	When was the last time you…	…were emotionally abused, where someone did or said things to make you feel very bad about yourself or your life?	RECOMMENDED:  BEFORE SENSITIVE ITEMS SUCH AS THIS REMIND RESPONDENT ABOUT CONFIDENTIALITY OF INTERVIEW AND SECURITY PROCEDURES TO PROTECT DATA AND THAT THERE ARE NO ADVERSE CONSEQUENCES FOR PARTICIPATION IN SURVEY/INTERVIEW (CONSISTENT WITH HUB CONSENT FORMS)
224	Risk of Harms and Consequences	r1m	r1	Physically, sexually, or emotionally abused		string			['Never', 'More than a year ago', '4 to 12 months ago', '2 to 3 months ago', 'Past month', 'Do not know', 'Not reported']	When was the last time you…	…were physically, sexual or emotionally abused several times or over a long period of time?	RECOMMENDED:  BEFORE SENSITIVE ITEMS SUCH AS THIS REMIND RESPONDENT ABOUT CONFIDENTIALITY OF INTERVIEW AND SECURITY PROCEDURES TO PROTECT DATA AND THAT THERE ARE NO ADVERSE CONSEQUENCES FOR PARTICIPATION IN SURVEY/INTERVIEW (CONSISTENT WITH HUB CONSENT FORMS)
225	Risk of Harms and Consequences	r1n	r1	Afraid for life or serious injury from abuse		string			['Never', 'More than a year ago', '4 to 12 months ago', '2 to 3 months ago', 'Past month', 'Do not know', 'Not reported']	When was the last time you…	…were afraid for your life or that you might be seriously injured by the abuse?	RECOMMENDED:  BEFORE SENSITIVE ITEMS SUCH AS THIS REMIND RESPONDENT ABOUT CONFIDENTIALITY OF INTERVIEW AND SECURITY PROCEDURES TO PROTECT DATA AND THAT THERE ARE NO ADVERSE CONSEQUENCES FOR PARTICIPATION IN SURVEY/INTERVIEW (CONSISTENT WITH HUB CONSENT FORMS)
226	Risk of Harms and Consequences	r2a	r2			string			['Never', 'More than a year ago', '4 to 12 months ago', '2 to 3 months ago', 'Past month', 'Do not know', 'Not reported']	When was the last time you. . .	…became very distressed and upset when something reminded you of the past?	RECOMMENDED:  BEFORE SENSITIVE ITEMS SUCH AS THIS REMIND RESPONDENT ABOUT CONFIDENTIALITY OF INTERVIEW AND SECURITY PROCEDURES TO PROTECT DATA AND THAT THERE ARE NO ADVERSE CONSEQUENCES FOR PARTICIPATION IN SURVEY/INTERVIEW (CONSISTENT WITH HUB CONSENT FORMS)
227	Risk of Harms and Consequences	r2b	r2			string			['Never', 'More than a year ago', '4 to 12 months ago', '2 to 3 months ago', 'Past month', 'Do not know', 'Not reported']	When was the last time you. . .	…thought about ending your life or dying by suicide?	RECOMMENDED:  BEFORE SENSITIVE ITEMS SUCH AS THIS REMIND RESPONDENT ABOUT CONFIDENTIALITY OF INTERVIEW AND SECURITY PROCEDURES TO PROTECT DATA AND THAT THERE ARE NO ADVERSE CONSEQUENCES FOR PARTICIPATION IN SURVEY/INTERVIEW (CONSISTENT WITH HUB CONSENT FORMS)
228	Risk of Harms and Consequences	r3a	r3			string			"['Yes', 'No', ""Don't recall""]"	Were you ever told by a doctor or nurse that you had…	Human Immunodeficiency Virus, HIV or AIDS?	RECOMMENDED:  BEFORE SENSITIVE ITEMS SUCH AS THIS REMIND RESPONDENT ABOUT CONFIDENTIALITY OF INTERVIEW AND SECURITY PROCEDURES TO PROTECT DATA AND THAT THERE ARE NO ADVERSE CONSEQUENCES FOR PARTICIPATION IN SURVEY/INTERVIEW (CONSISTENT WITH HUB CONSENT FORMS)
229	Risk of Harms and Consequences	r3b	r3			string			"['Yes', 'No', ""Don't recall""]"	Were you ever told by a doctor or nurse that you had…	Hepatitis C?	RECOMMENDED:  BEFORE SENSITIVE ITEMS SUCH AS THIS REMIND RESPONDENT ABOUT CONFIDENTIALITY OF INTERVIEW AND SECURITY PROCEDURES TO PROTECT DATA AND THAT THERE ARE NO ADVERSE CONSEQUENCES FOR PARTICIPATION IN SURVEY/INTERVIEW (CONSISTENT WITH HUB CONSENT FORMS)
230	Risk of Harms and Consequences	r3c	r3			string			"['Yes', 'No', ""Don't recall""]"	Were you ever told by a doctor or nurse that you had…	Hepatitis B?	RECOMMENDED:  BEFORE SENSITIVE ITEMS SUCH AS THIS REMIND RESPONDENT ABOUT CONFIDENTIALITY OF INTERVIEW AND SECURITY PROCEDURES TO PROTECT DATA AND THAT THERE ARE NO ADVERSE CONSEQUENCES FOR PARTICIPATION IN SURVEY/INTERVIEW (CONSISTENT WITH HUB CONSENT FORMS)
231	Risk of Harms and Consequences	r3d	r3			string			"['Yes', 'No', ""Don't recall""]"	Were you ever told by a doctor or nurse that you had…	Other sexually transmitted diseases or infections, such as syphilis.	RECOMMENDED:  BEFORE SENSITIVE ITEMS SUCH AS THIS REMIND RESPONDENT ABOUT CONFIDENTIALITY OF INTERVIEW AND SECURITY PROCEDURES TO PROTECT DATA AND THAT THERE ARE NO ADVERSE CONSEQUENCES FOR PARTICIPATION IN SURVEY/INTERVIEW (CONSISTENT WITH HUB CONSENT FORMS)
232	Risk of Harms and Consequences	r3e	r3			string			"['Yes', 'No', ""Don't recall""]"	Were you ever told by a doctor or nurse that you had…	Tuberculosis or TB?	RECOMMENDED:  BEFORE SENSITIVE ITEMS SUCH AS THIS REMIND RESPONDENT ABOUT CONFIDENTIALITY OF INTERVIEW AND SECURITY PROCEDURES TO PROTECT DATA AND THAT THERE ARE NO ADVERSE CONSEQUENCES FOR PARTICIPATION IN SURVEY/INTERVIEW (CONSISTENT WITH HUB CONSENT FORMS)
233	Risk of Harms and Consequences	r3f	r3			string			"['Yes', 'No', ""Don't recall""]"	Were you ever told by a doctor or nurse that you had…	Coronavirus 19 or COVID19?	RECOMMENDED:  BEFORE SENSITIVE ITEMS SUCH AS THIS REMIND RESPONDENT ABOUT CONFIDENTIALITY OF INTERVIEW AND SECURITY PROCEDURES TO PROTECT DATA AND THAT THERE ARE NO ADVERSE CONSEQUENCES FOR PARTICIPATION IN SURVEY/INTERVIEW (CONSISTENT WITH HUB CONSENT FORMS)
234	Risk of Harms and Consequences	r3a_first_dx	r3			string			['Never', 'More than a year ago', '4 to 12 months ago', '2 to 3 months ago', 'Past month', 'Do not know', 'Not reported']	If yes, when were you FIRST diagnosed?	Human Immunodeficiency Virus, HIV or AIDS?	RECOMMENDED:  BEFORE SENSITIVE ITEMS SUCH AS THIS REMIND RESPONDENT ABOUT CONFIDENTIALITY OF INTERVIEW AND SECURITY PROCEDURES TO PROTECT DATA AND THAT THERE ARE NO ADVERSE CONSEQUENCES FOR PARTICIPATION IN SURVEY/INTERVIEW (CONSISTENT WITH HUB CONSENT FORMS)
235	Risk of Harms and Consequences	r3b_first_dx	r3			string			['Never', 'More than a year ago', '4 to 12 months ago', '2 to 3 months ago', 'Past month', 'Do not know', 'Not reported']	If yes, when were you FIRST diagnosed?	Hepatitis C?	RECOMMENDED:  BEFORE SENSITIVE ITEMS SUCH AS THIS REMIND RESPONDENT ABOUT CONFIDENTIALITY OF INTERVIEW AND SECURITY PROCEDURES TO PROTECT DATA AND THAT THERE ARE NO ADVERSE CONSEQUENCES FOR PARTICIPATION IN SURVEY/INTERVIEW (CONSISTENT WITH HUB CONSENT FORMS)
236	Risk of Harms and Consequences	r3c_first_dx	r3			string			['Never', 'More than a year ago', '4 to 12 months ago', '2 to 3 months ago', 'Past month', 'Do not know', 'Not reported']	If yes, when were you FIRST diagnosed?	Hepatitis B?	RECOMMENDED:  BEFORE SENSITIVE ITEMS SUCH AS THIS REMIND RESPONDENT ABOUT CONFIDENTIALITY OF INTERVIEW AND SECURITY PROCEDURES TO PROTECT DATA AND THAT THERE ARE NO ADVERSE CONSEQUENCES FOR PARTICIPATION IN SURVEY/INTERVIEW (CONSISTENT WITH HUB CONSENT FORMS)
237	Risk of Harms and Consequences	r3d_first_dx	r3			string			['Never', 'More than a year ago', '4 to 12 months ago', '2 to 3 months ago', 'Past month', 'Do not know', 'Not reported']	If yes, when were you FIRST diagnosed?	Other sexually transmitted diseases or infections, such as syphilis.	RECOMMENDED:  BEFORE SENSITIVE ITEMS SUCH AS THIS REMIND RESPONDENT ABOUT CONFIDENTIALITY OF INTERVIEW AND SECURITY PROCEDURES TO PROTECT DATA AND THAT THERE ARE NO ADVERSE CONSEQUENCES FOR PARTICIPATION IN SURVEY/INTERVIEW (CONSISTENT WITH HUB CONSENT FORMS)
238	Risk of Harms and Consequences	r3e_first_dx	r3			string			['Never', 'More than a year ago', '4 to 12 months ago', '2 to 3 months ago', 'Past month', 'Do not know', 'Not reported']	If yes, when were you FIRST diagnosed?	Tuberculosis or TB?	RECOMMENDED:  BEFORE SENSITIVE ITEMS SUCH AS THIS REMIND RESPONDENT ABOUT CONFIDENTIALITY OF INTERVIEW AND SECURITY PROCEDURES TO PROTECT DATA AND THAT THERE ARE NO ADVERSE CONSEQUENCES FOR PARTICIPATION IN SURVEY/INTERVIEW (CONSISTENT WITH HUB CONSENT FORMS)
239	Risk of Harms and Consequences	r3f_first_dx	r3			string			['Never', 'More than a year ago', '4 to 12 months ago', '2 to 3 months ago', 'Past month', 'Do not know', 'Not reported']	If yes, when were you FIRST diagnosed?	Coronavirus 19 or COVID19?	RECOMMENDED:  BEFORE SENSITIVE ITEMS SUCH AS THIS REMIND RESPONDENT ABOUT CONFIDENTIALITY OF INTERVIEW AND SECURITY PROCEDURES TO PROTECT DATA AND THAT THERE ARE NO ADVERSE CONSEQUENCES FOR PARTICIPATION IN SURVEY/INTERVIEW (CONSISTENT WITH HUB CONSENT FORMS)
